Table 4,,,,,,,,,,,,,,,,,,,,,,,
Crime in the United States1,,,, , , , , ,,,,,,,,,,,,,,,
"by Region, Geographic Division, and State, 2019–2020",,,,,, ,,,,,,,,,,,,,,,,,
Area,Year,Population2,Violent crime3,,"Murder and 
nonnegligent 
manslaughter",,"Rape
(revised definition)4",,Robbery,,Aggravated assault,,Property crime,,Burglary,,Larceny-theft,,Motor vehicle theft,,,,
,,,Number,"Rate per 
100,000",Number,"Rate per 
100,000",Number,"Rate per 
100,000",Number,"Rate per 
100,000",Number,"Rate per 
100,000",Number,"Rate per 
100,000",Number,"Rate per 
100,000",Number,"Rate per 
100,000",Number,"Rate per 
100,000",,, 
,,,,,,,,,,,,,,,,,,,,,,,
"United States Total5, 6, 7, 8, 9",2019," 328,329,953 "," 1,250,393 ",380.8 ," 16,669 ",5.1 ," 143,224 ",43.6 ," 268,483 ",81.8 ," 822,017 ",250.4 ," 6,995,235 ","2,130.6 "," 1,118,096 ",340.5 ," 5,152,267 ","1,569.2 "," 724,872 ",220.8 ,, ,
,2020," 329,484,123 "," 1,313,105 ",398.5 ," 21,570 ",6.5 ," 126,430 ",38.4 ," 243,600 ",73.9 ," 921,505 ",279.7 ," 6,452,038 ","1,958.2 "," 1,035,314 ",314.2 ," 4,606,324 ","1,398.0 "," 810,400 ",246.0 ,,,
,Percent change,,+5.0 ,+4.6 ,+29.4 ,+28.9 ,-11.7 ,-12.0 ,-9.3 ,-9.6 ,+12.1 ,+11.7 ,-7.8 ,-8.1 ,-7.4 ,-7.7 ,-10.6 ,-10.9 ,+11.8 ,+11.4 ,,,
Northeast5,2019," 56,002,934 ","164,411",293.6 ,"1,856",3.3 ,"17,487",31.2 ,"40,222",71.8 ,"104,846",187.2 ,"759,192","1,355.6 ","94,329",168.4 ,"613,608","1,095.7 ","51,255",91.5 , ,, 
,2020," 55,849,869 ","172,219",308.4 ,"2,526",4.5 ,"15,066",27.0 ,"38,535",69.0 ,"116,092",207.9 ,"765,478","1,370.6 ","99,884",178.8 ,"601,250","1,076.5 ","64,344",115.2 ,,,
,Percent change,,+4.7 ,+5.0 ,+36.1 ,+36.5 ,-13.8 ,-13.6 ,-4.2 ,-3.9 ,+10.7 ,+11.0 ,+0.8 ,+1.1 ,+5.9 ,+6.2 ,-2.0 ,-1.7 ,+25.5 ,+25.9 ,, ,
New England,2019," 14,849,662 "," 36,609 ",246.5 , 352 ,2.4 ," 4,963 ",33.4 ," 6,578 ",44.3 ," 24,716 ",166.4 ," 191,098 ","1,286.9 "," 26,541 ",178.7 ," 149,097 ","1,004.0 "," 15,460 ",104.1 ,, ,
,2020," 14,847,468 "," 34,734 ",233.9 , 380 ,2.6 ," 4,093 ",27.6 ," 5,898 ",39.7 ," 24,363 ",164.1 ," 179,648 ","1,210.0 "," 23,124 ",155.7 ," 137,588 ",926.7 ," 18,936 ",127.5 ,,,
,Percent change, ,-5.1 ,-5.1 ,+8.0 ,+8.0 ,-17.5 ,-17.5 ,-10.3 ,-10.3 ,-1.4 ,-1.4 ,-6.0 ,-6.0 ,-12.9 ,-12.9 ,-7.7 ,-7.7 ,+22.5 ,+22.5 ,,,
     Connecticut,2019,"3,566,022"," 6,583 ",184.6 ,107,3.0 ,797,22.3 ,"1,942",54.5 ,"3,737",104.8 ," 51,076 ","1,432.3 ","6,468",181.4 ,"38,616","1,082.9 ","5,992",168.0 ,,,
,2020,"3,557,006"," 6,459 ",181.6 ,140,3.9 ,594,16.7 ,"2,033",57.2 ,"3,692",103.8 ," 55,670 ","1,565.1 ","6,656",187.1 ,"40,592","1,141.2 ","8,422",236.8 ,,,
,Percent change,,-1.9 ,-1.6 ,+30.8 ,+31.2 ,-25.5 ,-25.3 ,+4.7 ,+5.0 ,-1.2 ,-1.0 ,+9.0 ,+9.3 ,+2.9 ,+3.2 ,+5.1 ,+5.4 ,+40.6 ,+40.9 ,,,
     Maine,2019,"1,345,770"," 1,562 ",116.1 ,22,1.6 ,520,38.6 ,192,14.3 ,828,61.5 ," 16,791 ","1,247.7 ","2,360",175.4 ,"13,705","1,018.4 ",726,53.9 ,,,
,2020,"1,350,141"," 1,466 ",108.6 ,22,1.6 ,486,36.0 ,170,12.6 ,788,58.4 ," 15,610 ","1,156.2 ","2,009",148.8 ,"12,739",943.5 ,862,63.8 ,,,
,Percent change,,-6.1 ,-6.4 ,0.0,-0.3 ,-6.5 ,-6.8 ,-11.5 ,-11.7 ,-4.8 ,-5.1 ,-7.0 ,-7.3 ,-14.9 ,-15.1 ,-7.0 ,-7.3 ,+18.7 ,+18.3 ,,,
     Massachusetts,2019,"6,894,883"," 22,662 ",328.7 ,153,2.2 ,"2,244",32.5 ,"3,625",52.6 ,"16,640",241.3 ," 81,399 ","1,180.6 ","12,323",178.7 ,"62,944",912.9 ,"6,132",88.9 ,,,
,2020,"6,893,574"," 21,288 ",308.8 ,160,2.3 ,"1,851",26.9 ,"3,015",43.7 ,"16,262",235.9 ," 72,602 ","1,053.2 ","10,323",149.7 ,"55,444",804.3 ,"6,835",99.2 ,,,
,Percent change,,-6.1 ,-6.0 ,+4.6 ,+4.6 ,-17.5 ,-17.5 ,-16.8 ,-16.8 ,-2.3 ,-2.3 ,-10.8 ,-10.8 ,-16.2 ,-16.2 ,-11.9 ,-11.9 ,+11.5 ,+11.5 , ,,
     New Hampshire,2019,"1,360,783"," 2,152 ",158.1 ,33,2.4 ,606,44.5 ,327,24.0 ,"1,186",87.2 ," 16,552 ","1,216.4 ","1,783",131.0 ,"13,826","1,016.0 ",943,69.3 ,,,
,2020,"1,366,275"," 2,000 ",146.4 ,12,0.9 ,542,39.7 ,280,20.5 ,"1,166",85.3 ," 15,014 ","1,098.9 ","1,412",103.3 ,"12,558",919.1 ,"1,044",76.4 ,,,
,Percent change,,-7.1 ,-7.4 ,-63.6 ,-63.8 ,-10.6 ,-10.9 ,-14.4 ,-14.7 ,-1.7 ,-2.1 ,-9.3 ,-9.7 ,-20.8 ,-21.1 ,-9.2 ,-9.5 ,+10.7 ,+10.3 ,,,
     Rhode Island,2019,"1,058,158"," 2,357 ",222.7 ,26,2.5 ,498,47.1 ,421,39.8 ,"1,412",133.4 ," 16,312 ","1,541.5 ","2,321",219.3 ,"12,628","1,193.4 ","1,363",128.8 ,,,
,2020,"1,057,125"," 2,440 ",230.8 ,32,3.0 ,407,38.5 ,336,31.8 ,"1,665",157.5 ," 13,166 ","1,245.5 ","1,763",166.8 ,"9,894",935.9 ,"1,509",142.7 ,,,
,Percent change, ,+3.5 ,+3.6 ,+23.1 ,+23.2 ,-18.3 ,-18.2 ,-20.2 ,-20.1 ,+17.9 ,+18.0 ,-19.3 ,-19.2 ,-24.0 ,-24.0 ,-21.7 ,-21.6 ,+10.7 ,+10.8 ,,,
     Vermont,2019,"624,046"," 1,293 ",207.2 ,11,1.8 ,298,47.8 ,71,11.4 ,913,146.3 ," 8,968 ","1,437.1 ","1,286",206.1 ,"7,378","1,182.3 ",304,48.7 ,,,
,2020,"623,347"," 1,081 ",173.4 ,14,2.2 ,213,34.2 ,64,10.3 ,790,126.7 ," 7,586 ","1,217.0 ",961,154.2 ,"6,361","1,020.5 ",264,42.4 ,,,
,Percent change,,-16.4 ,-16.3 ,+27.3 ,+27.4 ,-28.5 ,-28.4 ,-9.9 ,-9.8 ,-13.5 ,-13.4 ,-15.4 ,-15.3 ,-25.3 ,-25.2 ,-13.8 ,-13.7 ,-13.2 ,-13.1 ,,,
Middle Atlantic5,2019," 41,153,272 "," 127,802 ",310.6 ," 1,504 ",3.7 ," 12,524 ",30.4 ," 33,644 ",81.8 ," 80,130 ",194.7 ," 568,094 ","1,380.4 "," 67,788 ",164.7 ," 464,511 ","1,128.7 "," 35,795 ",87.0 ,,,
,2020," 41,002,401 "," 137,485 ",335.3 ," 2,146 ",5.2 ," 10,973 ",26.8 ," 32,637 ",79.6 ," 91,729 ",223.7 ," 585,830 ","1,428.8 "," 76,760 ",187.2 ," 463,662 ","1,130.8 "," 45,408 ",110.7 ,,,
,Percent change,,+7.6 ,+8.0 ,+42.7 ,+43.2 ,-12.4 ,-12.1 ,-3.0 ,-2.6 ,+14.5 ,+14.9 ,+3.1 ,+3.5 ,+13.2 ,+13.7 ,-0.2 ,+0.2 ,+26.9 ,+27.3 ,,,
     New Jersey,2019,"8,891,258"," 18,382 ",206.7 ,263,3.0 ,"1,537",17.3 ,"5,730",64.4 ,"10,852",122.1 ," 118,637 ","1,334.3 ","16,399",184.4 ,"91,902","1,033.6 ","10,336",116.2 ,,,
,2020,"8,882,371"," 17,353 ",195.4 ,329,3.7 ,"1,277",14.4 ,"4,384",49.4 ,"11,363",127.9 ," 102,875 ","1,158.2 ","12,983",146.2 ,"79,614",896.3 ,"10,278",115.7 ,,,
,Percent change,,-5.6 ,-5.5 ,+25.1 ,+25.2 ,-16.9 ,-16.8 ,-23.5 ,-23.4 ,+4.7 ,+4.8 ,-13.3 ,-13.2 ,-20.8 ,-20.8 ,-13.4 ,-13.3 ,-0.6 ,-0.5 ,,,
     New York,2019,"19,463,131"," 70,260 ",361.0 ,565,2.9 ,"6,642",34.1 ,"18,165",93.3 ,"44,888",230.6 ," 269,787 ","1,386.1 ","28,065",144.2 ,"228,672","1,174.9 ","13,050",67.0 ,,,
,2020,"19,336,776"," 70,339 ",363.8 ,808,4.2 ,"5,468",28.3 ,"17,525",90.6 ,"46,538",240.7 ," 272,788 ","1,410.7 ","32,003",165.5 ,"221,129","1,143.6 ","19,656",101.7 ,,,
,Percent change, ,+0.1 ,+0.8 ,+43.0 ,+43.9 ,-17.7 ,-17.1 ,-3.5 ,-2.9 ,+3.7 ,+4.4 ,+1.1 ,+1.8 ,+14.0 ,+14.8 ,-3.3 ,-2.7 ,+50.6 ,+51.6 ,,,
     Pennsylvania5,2019,"12,798,883"," 39,160 ",306.0 ,676,5.3 ,"4,345",33.9 ,"9,749",76.2 ,"24,390",190.6 ," 179,670 ","1,403.8 ","23,324",182.2 ,"143,937","1,124.6 ","12,409",97.0 ,,,
,2020,"12,783,254"," 49,793 ",389.5 ,"1,009",7.9 ,"4,228",33.1 ,"10,728",83.9 ,"33,828",264.6 ," 210,167 ","1,644.1 ","31,774",248.6 ,"162,919","1,274.5 ","15,474",121.0 ,,,
,Percent change,,+27.2 ,+27.3 ,+49.3 ,+49.4 ,-2.7 ,-2.6 ,+10.0 ,+10.2 ,+38.7 ,+38.9 ,+17.0 ,+17.1 ,+36.2 ,+36.4 ,+13.2 ,+13.3 ,+24.7 ,+24.9 ,,,
"Midwest6, 7",2019," 68,340,091 "," 250,007 ",365.8 ," 3,527 ",5.2 ," 35,056 ",51.3 ," 46,597 ",68.2 ," 164,827 ",241.2 ," 1,327,238 ","1,942.1 "," 216,869 ",317.3 ," 979,942 ","1,433.9 "," 130,427 ",190.8 ,,,
,2020," 68,316,744 "," 264,915 ",387.8 ," 4,803 ",7.0 ," 30,157 ",44.1 ," 43,368 ",63.5 ," 186,587 ",273.1 ," 1,219,817 ","1,785.5 "," 195,963 ",286.8 ," 877,996 ","1,285.2 "," 145,858 ",213.5 ,,,
,Percent change,,+6.0 ,+6.0 ,+36.2 ,+36.2 ,-14.0 ,-13.9 ,-6.9 ,-6.9 ,+13.2 ,+13.2 ,-8.1 ,-8.1 ,-9.6 ,-9.6 ,-10.4 ,-10.4 ,+11.8 ,+11.9 ,,,
"East North Central6, 7",2019," 46,903,910 "," 173,323 ",369.5 ," 2,573 ",5.5 ," 24,278 ",51.8 ," 35,202 ",75.1 ," 111,270 ",237.2 ," 850,783 ","1,813.9 "," 141,753 ",302.2 ," 632,167 ","1,347.8 "," 76,863 ",163.9 ,,,
,2020," 46,834,910 "," 180,379 ",385.1 ," 3,538 ",7.6 ," 20,575 ",43.9 ," 31,821 ",67.9 ," 124,445 ",265.7 ," 755,390 ","1,612.9 "," 123,212 ",263.1 ," 547,556 ","1,169.1 "," 84,622 ",180.7 ,,,
,Percent change,   ,+4.1 ,+4.2 ,+37.5 ,+37.7 ,-15.3 ,-15.1 ,-9.6 ,-9.5 ,+11.8 ,+12.0 ,-11.2 ,-11.1 ,-13.1 ,-13.0 ,-13.4 ,-13.3 ,+10.1 ,+10.3 ,,,
     Illinois6,2019,"12,667,017"," 52,601 ",415.3 ,851,6.7 ,"6,161",48.6 ,"12,660",99.9 ,"32,929",260.0 ," 235,033 ","1,855.5 ","34,789",274.6 ,"181,225","1,430.7 ","19,019",150.1 ,,,
,2020,"12,587,530"," 53,612 ",425.9 ,"1,151",9.1 ,"5,090",40.4 ,"12,261",97.4 ,"35,110",278.9 ," 196,287 ","1,559.4 ","31,020",246.4 ,"143,935","1,143.5 ","21,332",169.5 ,,,
,Percent change,,+1.9 ,+2.6 ,+35.3 ,+36.1 ,-17.4 ,-16.9 ,-3.2 ,-2.5 ,+6.6 ,+7.3 ,-16.5 ,-16.0 ,-10.8 ,-10.3 ,-20.6 ,-20.1 ,+12.2 ,+12.9 ,,,
     Indiana,2019,"6,731,010"," 25,006 ",371.5 ,373,5.5 ,"2,553",37.9 ,"5,335",79.3 ,"16,745",248.8 ," 131,097 ","1,947.7 ","21,586",320.7 ,"95,745","1,422.4 ","13,766",204.5 ,,,
,2020,"6,754,953"," 24,161 ",357.7 ,505,7.5 ,"2,348",34.8 ,"4,215",62.4 ,"17,093",253.0 ," 120,453 ","1,783.2 ","18,938",280.4 ,"86,080","1,274.3 ","15,435",228.5 ,,,
,Percent change,,-3.4 ,-3.7 ,+35.4 ,+34.9 ,-8.0 ,-8.4 ,-21.0 ,-21.3 ,+2.1 ,+1.7 ,-8.1 ,-8.4 ,-12.3 ,-12.6 ,-10.1 ,-10.4 ,+12.1 ,+11.7 ,,,
     Michigan,2019,"9,984,795"," 43,793 ",438.6 ,576,5.8 ,"7,356",73.7 ,"5,352",53.6 ,"30,509",305.6 ," 158,317 ","1,585.6 ","28,574",286.2 ,"111,900","1,120.7 ","17,843",178.7 ,,,
,2020,"9,966,555"," 47,641 ",478.0 ,754,7.6 ,"6,065",60.9 ,"4,438",44.5 ,"36,384",365.1 ," 135,633 ","1,360.9 ","23,231",233.1 ,"94,017",943.3 ,"18,385",184.5 ,,,
,Percent change,,+8.8 ,+9.0 ,+30.9 ,+31.1 ,-17.6 ,-17.4 ,-17.1 ,-16.9 ,+19.3 ,+19.5 ,-14.3 ,-14.2 ,-18.7 ,-18.6 ,-16.0 ,-15.8 ,+3.0 ,+3.2 ,,,
     Ohio7,2019,"11,696,507"," 34,618 ",296.0 ,584,5.0 ,"5,850",50.0 ,"8,861",75.8 ,"19,323",165.2 ," 240,540 ","2,056.5 ","44,232",378.2 ,"177,610","1,518.5 ","18,698",159.9 ,,,
,2020,"11,693,217"," 36,104 ",308.8 ,820,7.0 ,"5,052",43.2 ,"7,826",66.9 ,"22,406",191.6 ," 216,363 ","1,850.3 ","37,279",318.8 ,"159,007","1,359.8 ","20,077",171.7 ,,,
,Percent change,,+4.3 ,+4.3 ,+40.4 ,+40.5 ,-13.6 ,-13.6 ,-11.7 ,-11.7 ,+16.0 ,+16.0 ,-10.1 ,-10.0 ,-15.7 ,-15.7 ,-10.5 ,-10.4 ,+7.4 ,+7.4 ,,,
     Wisconsin,2019,"5,824,581"," 17,305 ",297.1 ,189,3.2 ,"2,358",40.5 ,"2,994",51.4 ,"11,764",202.0 ," 85,796 ","1,473.0 ","12,572",215.8 ,"65,687","1,127.8 ","7,537",129.4 ,,,
,2020,"5,832,655"," 18,861 ",323.4 ,308,5.3 ,"2,020",34.6 ,"3,081",52.8 ,"13,452",230.6 ," 86,654 ","1,485.7 ","12,744",218.5 ,"64,517","1,106.1 ","9,393",161.0 ,,,
,Percent change,,+9.0 ,+8.8 ,+63.0 ,+62.7 ,-14.3 ,-14.5 ,+2.9 ,+2.8 ,+14.3 ,+14.2 ,+1.0 ,+0.9 ,+1.4 ,+1.2 ,-1.8 ,-1.9 ,+24.6 ,+24.5 ,,,
West North Central,2019," 21,436,181 "," 76,684 ",357.7 , 954 ,4.5 ," 10,778 ",50.3 ," 11,395 ",53.2 ," 53,557 ",249.8 ," 476,455 ","2,222.7 "," 75,116 ",350.4 ," 347,775 ","1,622.4 "," 53,564 ",249.9 ,,,
,2020," 21,481,834 "," 84,536 ",393.5 ," 1,265 ",5.9 ," 9,582 ",44.6 ," 11,547 ",53.8 ," 62,142 ",289.3 ," 464,427 ","2,162.0 "," 72,751 ",338.7 ," 330,440 ","1,538.2 "," 61,236 ",285.1 ,,,
,Percent change,    ,+10.2 ,+10.0 ,+32.6 ,+32.3 ,-11.1 ,-11.3 ,+1.3 ,+1.1 ,+16.0 ,+15.8 ,-2.5 ,-2.7 ,-3.1 ,-3.4 ,-5.0 ,-5.2 ,+14.3 ,+14.1 ,,,
     Iowa,2019,"3,159,596"," 9,086 ",287.6 ,70,2.2 ,"1,365",43.2 ,919,29.1 ,"6,732",213.1 ," 58,446 ","1,849.8 ","12,406",392.6 ,"40,479","1,281.1 ","5,561",176.0 ,,,
,2020,"3,163,561"," 9,601 ",303.5 ,111,3.5 ,"1,289",40.7 ,943,29.8 ,"7,258",229.4 ," 53,725 ","1,698.2 ","11,739",371.1 ,"35,751","1,130.1 ","6,235",197.1 ,,,
,Percent change,,+5.7 ,+5.5 ,+58.6 ,+58.4 ,-5.6 ,-5.7 ,+2.6 ,+2.5 ,+7.8 ,+7.7 ,-8.1 ,-8.2 ,-5.4 ,-5.5 ,-11.7 ,-11.8 ,+12.1 ,+12.0 ,,,
     Kansas,2019,"2,912,635"," 11,811 ",405.5 ,95,3.3 ,"1,500",51.5 ,"1,157",39.7 ,"9,059",311.0 ," 66,306 ","2,276.5 ","9,996",343.2 ,"49,420","1,696.7 ","6,890",236.6 ,,,
,2020,"2,913,805"," 12,385 ",425.0 ,100,3.4 ,"1,263",43.3 ,928,31.8 ,"10,094",346.4 ," 64,077 ","2,199.1 ","9,655",331.4 ,"47,193","1,619.6 ","7,229",248.1 ,,,
,Percent change,,+4.9 ,+4.8 ,+5.3 ,+5.2 ,-15.8 ,-15.8 ,-19.8 ,-19.8 ,+11.4 ,+11.4 ,-3.4 ,-3.4 ,-3.4 ,-3.5 ,-4.5 ,-4.5 ,+4.9 ,+4.9 ,,,
     Minnesota,2019,"5,640,053"," 13,395 ",237.5 ,127,2.3 ,"2,499",44.3 ,"3,155",55.9 ,"7,614",135.0 ," 117,971 ","2,091.7 ","16,026",284.1 ,"90,685","1,607.9 ","11,260",199.6 ,,,
,2020,"5,657,342"," 15,698 ",277.5 ,190,3.4 ,"2,211",39.1 ,"3,877",68.5 ,"9,420",166.5 ," 120,212 ","2,124.9 ","17,370",307.0 ,"88,696","1,567.8 ","14,146",250.0 ,,,
,Percent change,,+17.2 ,+16.8 ,+49.6 ,+49.1 ,-11.5 ,-11.8 ,+22.9 ,+22.5 ,+23.7 ,+23.3 ,+1.9 ,+1.6 ,+8.4 ,+8.1 ,-2.2 ,-2.5 ,+25.6 ,+25.2 ,,,
     Missouri,2019,"6,140,475"," 30,680 ",499.6 ,576,9.4 ,"3,019",49.2 ,"4,995",81.3 ,"22,090",359.7 ," 163,223 ","2,658.1 ","26,617",433.5 ,"115,324","1,878.1 ","21,282",346.6 ,,,
,2020,"6,151,548"," 33,385 ",542.7 ,723,11.8 ,"2,661",43.3 ,"4,575",74.4 ,"25,426",413.3 ," 155,698 ","2,531.0 ","23,300",378.8 ,"108,209","1,759.1 ","24,189",393.2 ,,,
,Percent change,,+8.8 ,+8.6 ,+25.5 ,+25.3 ,-11.9 ,-12.0 ,-8.4 ,-8.6 ,+15.1 ,+14.9 ,-4.6 ,-4.8 ,-12.5 ,-12.6 ,-6.2 ,-6.3 ,+13.7 ,+13.5 ,,,
     Nebraska,2019,"1,932,571"," 5,887 ",304.6 ,45,2.3 ,"1,284",66.4 ,795,41.1 ,"3,763",194.7 ," 39,553 ","2,046.7 ","4,763",246.5 ,"29,817","1,542.9 ","4,973",257.3 ,,,
,2020,"1,937,552"," 6,473 ",334.1 ,69,3.6 ,"1,163",60.0 ,799,41.2 ,"4,442",229.3 ," 36,991 ","1,909.2 ","4,455",229.9 ,"27,488","1,418.7 ","5,048",260.5 ,,,
,Percent change,   ,+10.0 ,+9.7 ,+53.3 ,+52.9 ,-9.4 ,-9.7 ,+0.5 ,+0.2 ,+18.0 ,+17.7 ,-6.5 ,-6.7 ,-6.5 ,-6.7 ,-7.8 ,-8.0 ,+1.5 ,+1.2 ,,,
     North Dakota,2019,"763,724"," 2,302 ",301.4 ,25,3.3 ,464,60.8 ,184,24.1 ,"1,629",213.3 ," 15,270 ","1,999.4 ","2,646",346.5 ,"10,785","1,412.2 ","1,839",240.8 ,,,
,2020,"765,309"," 2,518 ",329.0 ,32,4.2 ,396,51.7 ,151,19.7 ,"1,939",253.4 ," 16,256 ","2,124.1 ","3,196",417.6 ,"10,986","1,435.5 ","2,074",271.0 ,,,
,Percent change,,+9.4 ,+9.2 ,+28.0 ,+27.7 ,-14.7 ,-14.8 ,-17.9 ,-18.1 ,+19.0 ,+18.8 ,+6.5 ,+6.2 ,+20.8 ,+20.5 ,+1.9 ,+1.7 ,+12.8 ,+12.5 ,,,
     South Dakota,2019,"887,127"," 3,523 ",397.1 ,16,1.8 ,647,72.9 ,190,21.4 ,"2,670",301.0 ," 15,686 ","1,768.2 ","2,662",300.1 ,"11,265","1,269.8 ","1,759",198.3 ,,,
,2020,"892,717"," 4,476 ",501.4 ,40,4.5 ,599,67.1 ,274,30.7 ,"3,563",399.1 ," 17,468 ","1,956.7 ","3,036",340.1 ,"12,117","1,357.3 ","2,315",259.3 ,,,
,Percent change,,+27.1 ,+26.3 ,+150.0 ,+148.4 ,-7.4 ,-8.0 ,+44.2 ,+43.3 ,+33.4 ,+32.6 ,+11.4 ,+10.7 ,+14.0 ,+13.3 ,+7.6 ,+6.9 ,+31.6 ,+30.8 ,,,
"South5, 7, 8, 9",2019," 125,686,544 "," 511,209 ",406.7 ," 8,063 ",6.4 ," 53,738 ",42.8 ," 102,414 ",81.5 ," 346,994 ",276.1 ," 3,008,909 ","2,394.0 "," 498,381 ",396.5 ," 2,229,081 ","1,773.5 "," 281,447 ",223.9 ,,,
,2020," 126,662,754 "," 546,535 ",431.5 ," 10,156 ",8.0 ," 48,307 ",38.1 ," 91,100 ",71.9 ," 396,972 ",313.4 ," 2,668,302 ","2,106.6 "," 441,688 ",348.7 ," 1,929,682 ","1,523.5 "," 296,932 ",234.4 ,,,
,Percent change,   ,+6.9 ,+6.1 ,+26.0 ,+25.0 ,-10.1 ,-10.8 ,-11.0 ,-11.7 ,+14.4 ,+13.5 ,-11.3 ,-12.0 ,-11.4 ,-12.1 ,-13.4 ,-14.1 ,+5.5 ,+4.7 ,,,
"South Atlantic5, 8, 9",2019," 65,870,942 "," 244,720 ",371.5 ," 4,140 ",6.3 ," 23,711 ",36.0 ," 51,332 ",77.9 ," 165,537 ",251.3 ," 1,498,001 ","2,274.1 "," 223,239 ",338.9 ," 1,151,490 ","1,748.1 "," 123,272 ",187.1 ,,,
,2020," 66,392,969 "," 258,241 ",389.0 ," 5,102 ",7.7 ," 21,529 ",32.4 ," 44,562 ",67.1 ," 187,048 ",281.7 ," 1,269,388 ","1,911.9 "," 192,836 ",290.4 ," 948,880 ","1,429.2 "," 127,672 ",192.3 ,,,
,Percent change,,+5.5 ,+4.7 ,+23.2 ,+22.3 ,-9.2 ,-9.9 ,-13.2 ,-13.9 ,+13.0 ,+12.1 ,-15.3 ,-15.9 ,-13.6 ,-14.3 ,-17.6 ,-18.2 ,+3.6 ,+2.8 ,,,
     Delaware,2019,"976,668"," 4,128 ",422.7 ,47,4.8 ,329,33.7 ,789,80.8 ,"2,963",303.4 ," 21,932 ","2,245.6 ","2,984",305.5 ,"17,343","1,775.7 ","1,605",164.3 ,,,
,2020,"986,809"," 4,262 ",431.9 ,73,7.4 ,261,26.4 ,700,70.9 ,"3,228",327.1 ," 19,355 ","1,961.4 ","2,508",254.2 ,"15,182","1,538.5 ","1,665",168.7 ,,,
,Percent change,,+3.2 ,+2.2 ,+55.3 ,+53.7 ,-20.7 ,-21.5 ,-11.3 ,-12.2 ,+8.9 ,+7.8 ,-11.7 ,-12.7 ,-16.0 ,-16.8 ,-12.5 ,-13.4 ,+3.7 ,+2.7 ,,,
     District of Columbia8,2019,"708,253"," 7,403 ","1,045.2 ",166,23.4 ,345,48.7 ,"2,714",383.2 ,"4,178",589.9 ," 30,819 ","4,351.4 ","1,843",260.2 ,"26,643","3,761.8 ","2,333",329.4 ,,,
,2020,"712,816"," 7,127 ",999.8 ,201,28.2 ,311,43.6 ,"2,373",332.9 ,"4,242",595.1 ," 24,899 ","3,493.0 ","1,964",275.5 ,"19,536","2,740.7 ","3,399",476.8 ,,,
,Percent change,,-3.7 ,-4.3 ,+21.1 ,+20.3 ,-9.9 ,-10.4 ,-12.6 ,-13.1 ,+1.5 ,+0.9 ,-19.2 ,-19.7 ,+6.6 ,+5.9 ,-26.7 ,-27.1 ,+45.7 ,+44.8 ,,,
     Florida,2019,"21,492,056"," 81,291 ",378.2 ,"1,122",5.2 ,"8,463",39.4 ,"16,234",75.5 ,"55,472",258.1 ," 460,966 ","2,144.8 ","63,338",294.7 ,"358,537","1,668.2 ","39,091",181.9 ,,,
,2020,"21,733,312"," 83,368 ",383.6 ,"1,290",5.9 ,"7,686",35.4 ,"13,521",62.2 ,"60,871",280.1 ," 384,556 ","1,769.4 ","52,293",240.6 ,"293,992","1,352.7 ","38,271",176.1 ,,,
,Percent change,,+2.6 ,+1.4 ,+15.0 ,+13.7 ,-9.2 ,-10.2 ,-16.7 ,-17.6 ,+9.7 ,+8.5 ,-16.6 ,-17.5 ,-17.4 ,-18.4 ,-18.0 ,-18.9 ,-2.1 ,-3.2 ,,,
     Georgia9,2019,"10,628,020"," 34,666 ",326.2 ,605,5.7 ,"3,005",28.3 ,"7,488",70.5 ,"23,568",221.8 ," 294,817 ","2,774.0 ","37,476",352.6 ,"234,850","2,209.7 ","22,491",211.6 ,,,
,2020,"10,710,017"," 42,850 ",400.1 ,943,8.8 ,"3,420",31.9 ,"7,016",65.5 ,"31,471",293.8 ," 214,988 ","2,007.4 ","31,139",290.7 ,"158,343","1,478.5 ","25,506",238.2 ,,,
,Percent change,   ,+23.6 ,+22.7 ,+55.9 ,+54.7 ,+13.8 ,+12.9 ,-6.3 ,-7.0 ,+33.5 ,+32.5 ,-27.1 ,-27.6 ,-16.9 ,-17.5 ,-32.6 ,-33.1 ,+13.4 ,+12.5 ,,,
     Maryland5,2019,"6,054,954"," 27,511 ",454.4 ,545,9.0 ,"1,944",32.1 ,"9,215",152.2 ,"15,807",261.1 ," 118,091 ","1,950.3 ","16,872",278.6 ,"89,938","1,485.4 ","11,281",186.3 ,,,
,2020,"6,055,802"," 24,215 ",399.9 ,553,9.1 ,"1,732",28.6 ,"7,174",118.5 ,"14,756",243.7 ," 97,487 ","1,609.8 ","15,261",252.0 ,"71,757","1,184.9 ","10,469",172.9 ,,,
,Percent change,,-12.0 ,-12.0 ,+1.5 ,+1.5 ,-10.9 ,-10.9 ,-22.1 ,-22.2 ,-6.6 ,-6.7 ,-17.4 ,-17.5 ,-9.5 ,-9.6 ,-20.2 ,-20.2 ,-7.2 ,-7.2 ,,,
     North Carolina,2019,"10,501,384"," 39,773 ",378.7 ,653,6.2 ,"3,364",32.0 ,"7,700",73.3 ,"28,056",267.2 ," 251,135 ","2,391.4 ","54,033",514.5 ,"178,332","1,698.2 ","18,770",178.7 ,,,
,2020,"10,600,823"," 44,451 ",419.3 ,852,8.0 ,"2,922",27.6 ,"7,340",69.2 ,"33,337",314.5 ," 236,026 ","2,226.5 ","49,952",471.2 ,"165,554","1,561.7 ","20,520",193.6 ,,,
,Percent change,,+11.8 ,+10.7 ,+30.5 ,+29.3 ,-13.1 ,-14.0 ,-4.7 ,-5.6 ,+18.8 ,+17.7 ,-6.0 ,-6.9 ,-7.6 ,-8.4 ,-7.2 ,-8.0 ,+9.3 ,+8.3 ,,,
     South Carolina,2019,"5,157,702"," 26,307 ",510.1 ,455,8.8 ,"2,528",49.0 ,"3,325",64.5 ,"19,999",387.8 ," 151,970 ","2,946.5 ","27,439",532.0 ,"109,366","2,120.4 ","15,165",294.0 ,,,
,2020,"5,218,040"," 27,691 ",530.7 ,549,10.5 ,"2,086",40.0 ,"3,122",59.8 ,"21,934",420.3 ," 141,987 ","2,721.1 ","23,377",448.0 ,"103,892","1,991.0 ","14,718",282.1 ,,,
,Percent change,,+5.3 ,+4.0 ,+20.7 ,+19.3 ,-17.5 ,-18.4 ,-6.1 ,-7.2 ,+9.7 ,+8.4 ,-6.6 ,-7.6 ,-14.8 ,-15.8 ,-5.0 ,-6.1 ,-2.9 ,-4.1 ,,,
     Virginia,2019,"8,556,642"," 17,916 ",209.4 ,447,5.2 ,"2,915",34.1 ,"3,520",41.1 ,"11,034",129.0 ," 140,944 ","1,647.2 ","13,972",163.3 ,"116,656","1,363.3 ","10,316",120.6 ,,,
,2020,"8,590,563"," 17,925 ",208.7 ,524,6.1 ,"2,279",26.5 ,"2,947",34.3 ,"12,175",141.7 ," 125,114 ","1,456.4 ","11,465",133.5 ,"102,796","1,196.6 ","10,853",126.3 ,,,
,Percent change,,+0.1 ,-0.3 ,+17.2 ,+16.8 ,-21.8 ,-22.1 ,-16.3 ,-16.6 ,+10.3 ,+9.9 ,-11.2 ,-11.6 ,-17.9 ,-18.3 ,-11.9 ,-12.2 ,+5.2 ,+4.8 ,,,
     West Virginia,2019,"1,795,263"," 5,725 ",318.9 ,100,5.6 ,818,45.6 ,347,19.3 ,"4,460",248.4 ," 27,327 ","1,522.2 ","5,282",294.2 ,"19,825","1,104.3 ","2,220",123.7 ,,,
,2020,"1,784,787"," 6,352 ",355.9 ,117,6.6 ,832,46.6 ,369,20.7 ,"5,034",282.1 ," 24,976 ","1,399.4 ","4,877",273.3 ,"17,828",998.9 ,"2,271",127.2 ,,,
,Percent change,,+11.0 ,+11.6 ,+17.0 ,+17.7 ,+1.7 ,+2.3 ,+6.3 ,+7.0 ,+12.9 ,+13.5 ,-8.6 ,-8.1 ,-7.7 ,-7.1 ,-10.1 ,-9.5 ,+2.3 ,+2.9 ,,,
"East South Central5, 7",2019," 19,188,862 "," 83,328 ",434.3 ," 1,432 ",7.5 ," 7,659 ",39.9 ," 13,868 ",72.3 ," 60,369 ",314.6 ," 465,641 ","2,426.6 "," 88,682 ",462.2 ," 328,965 ","1,714.4 "," 47,994 ",250.1 ,,,
,2020," 19,252,403 "," 88,888 ",461.7 ," 1,772 ",9.2 ," 6,805 ",35.3 ," 12,029 ",62.5 ," 68,282 ",354.7 ," 418,860 ","2,175.6 "," 76,034 ",394.9 ," 293,222 ","1,523.0 "," 49,604 ",257.7 ,,,
,Percent change,,+6.7 ,+6.3 ,+23.7 ,+23.3 ,-11.2 ,-11.4 ,-13.3 ,-13.5 ,+13.1 ,+12.7 ,-10.0 ,-10.3 ,-14.3 ,-14.5 ,-10.9 ,-11.2 ,+3.4 ,+3.0 ,,,
     Alabama5,2019,"4,907,965"," 24,769 ",504.7 ,390,7.9 ,"2,119",43.2 ,"3,922",79.9 ,"18,338",373.6 ," 128,726 ","2,622.8 ","24,805",505.4 ,"91,225","1,858.7 ","12,696",258.7 ,,,
,2020,"4,921,532"," 22,322 ",453.6 ,471,9.6 ,"1,608",32.7 ,"2,666",54.2 ,"17,577",357.1 ," 105,161 ","2,136.8 ","19,660",399.5 ,"74,575","1,515.3 ","10,926",222.0 ,,,
,Percent change,,-9.9 ,-10.1 ,+20.8 ,+20.4 ,-24.1 ,-24.3 ,-32.0 ,-32.2 ,-4.1 ,-4.4 ,-18.3 ,-18.5 ,-20.7 ,-21.0 ,-18.3 ,-18.5 ,-13.9 ,-14.2 ,,,
     Kentucky,2019,"4,472,345"," 9,872 ",220.7 ,229,5.1 ,"1,673",37.4 ,"2,162",48.3 ,"5,808",129.9 ," 85,387 ","1,909.2 ","15,567",348.1 ,"59,535","1,331.2 ","10,285",230.0 , ,,
,2020,"4,477,251"," 11,600 ",259.1 ,323,7.2 ,"1,371",30.6 ,"2,369",52.9 ,"7,537",168.3 ," 79,673 ","1,779.5 ","15,407",344.1 ,"52,769","1,178.6 ","11,497",256.8 ,,,
,Percent change,,+17.5 ,+17.4 ,+41.0 ,+40.9 ,-18.1 ,-18.1 ,+9.6 ,+9.5 ,+29.8 ,+29.6 ,-6.7 ,-6.8 ,-1.0 ,-1.1 ,-11.4 ,-11.5 ,+11.8 ,+11.7 ,,,
     Mississippi7,2019,"2,978,227"," 7,779 ",261.2 ,298,10.0 ,924,31.0 ,"1,620",54.4 ,"4,937",165.8 ," 69,727 ","2,341.2 ","18,341",615.8 ,"45,665","1,533.3 ","5,721",192.1 ,,,
,2020,"2,966,786"," 8,638 ",291.2 ,315,10.6 ,"1,148",38.7 ,"1,419",47.8 ,"5,756",194.0 ," 62,351 ","2,101.6 ","14,488",488.3 ,"41,780","1,408.3 ","6,083",205.0 ,,,
,Percent change,,+11.0 ,+11.5 ,+5.7 ,+6.1 ,+24.2 ,+24.7 ,-12.4 ,-12.1 ,+16.6 ,+17.0 ,-10.6 ,-10.2 ,-21.0 ,-20.7 ,-8.5 ,-8.2 ,+6.3 ,+6.7 ,,,
     Tennessee,2019,"6,830,325"," 40,908 ",598.9 ,515,7.5 ,"2,943",43.1 ,"6,164",90.2 ,"31,286",458.0 ," 181,801 ","2,661.7 ","29,969",438.8 ,"132,540","1,940.5 ","19,292",282.4 ,,,
,2020,"6,886,834"," 46,328 ",672.7 ,663,9.6 ,"2,678",38.9 ,"5,575",81.0 ,"37,412",543.2 ," 171,675 ","2,492.8 ","26,479",384.5 ,"124,098","1,802.0 ","21,098",306.4 ,,,
,Percent change,,+13.2 ,+12.3 ,+28.7 ,+27.7 ,-9.0 ,-9.8 ,-9.6 ,-10.3 ,+19.6 ,+18.6 ,-5.6 ,-6.3 ,-11.6 ,-12.4 ,-6.4 ,-7.1 ,+9.4 ,+8.5 ,,,
West South Central,2019," 40,626,740 "," 183,161 ",450.8 ," 2,491 ",6.1 ," 22,368 ",55.1 ," 37,214 ",91.6 ," 121,088 ",298.1 ," 1,045,267 ","2,572.9 "," 186,460 ",459.0 ," 748,626 ","1,842.7 "," 110,181 ",271.2 ,,,
,2020," 41,017,382 "," 199,406 ",486.1 ," 3,282 ",8.0 ," 19,973 ",48.7 ," 34,509 ",84.1 ," 141,642 ",345.3 ," 980,054 ","2,389.4 "," 172,818 ",421.3 ," 687,580 ","1,676.3 "," 119,656 ",291.7 ,,,
,Percent change,,+8.9 ,+7.8 ,+31.8 ,+30.5 ,-10.7 ,-11.6 ,-7.3 ,-8.2 ,+17.0 ,+15.9 ,-6.2 ,-7.1 ,-7.3 ,-8.2 ,-8.2 ,-9.0 ,+8.6 ,+7.6 ,,,
     Arkansas,2019,"3,020,985"," 17,547 ",580.8 ,237,7.8 ,"2,420",80.1 ,"1,576",52.2 ,"13,314",440.7 ," 86,029 ","2,847.7 ","17,706",586.1 ,"60,843","2,014.0 ","7,480",247.6 ,,,
,2020,"3,030,522"," 20,363 ",671.9 ,321,10.6 ,"2,226",73.5 ,"1,577",52.0 ,"16,239",535.8 ," 79,200 ","2,613.4 ","15,854",523.1 ,"55,413","1,828.5 ","7,933",261.8 ,,,
,Percent change,,+16.0 ,+15.7 ,+35.4 ,+35.0 ,-8.0 ,-8.3 ,+0.1 ,-0.3 ,+22.0 ,+21.6 ,-7.9 ,-8.2 ,-10.5 ,-10.7 ,-8.9 ,-9.2 ,+6.1 ,+5.7 ,,,
     Louisiana,2019,"4,658,285"," 26,072 ",559.7 ,547,11.7 ,"2,282",49.0 ,"4,129",88.6 ,"19,114",410.3 ," 148,429 ","3,186.3 ","27,440",589.1 ,"110,123","2,364.0 ","10,866",233.3 ,,,
,2020,"4,645,318"," 29,704 ",639.4 ,734,15.8 ,"2,136",46.0 ,"3,747",80.7 ,"23,087",497.0 ," 133,989 ","2,884.4 ","23,698",510.1 ,"97,891","2,107.3 ","12,400",266.9 ,,,
,Percent change,,+13.9 ,+14.2 ,+34.2 ,+34.6 ,-6.4 ,-6.1 ,-9.3 ,-9.0 ,+20.8 ,+21.1 ,-9.7 ,-9.5 ,-13.6 ,-13.4 ,-11.1 ,-10.9 ,+14.1 ,+14.4 ,,,
     Oklahoma,2019,"3,960,676"," 17,279 ",436.3 ,275,6.9 ,"2,363",59.7 ,"2,383",60.2 ,"12,258",309.5 ," 113,504 ","2,865.8 ","26,820",677.2 ,"73,199","1,848.1 ","13,485",340.5 ,,,
,2020,"3,980,783"," 18,255 ",458.6 ,296,7.4 ,"2,102",52.8 ,"2,351",59.1 ,"13,506",339.3 ," 107,705 ","2,705.6 ","24,415",613.3 ,"68,243","1,714.3 ","15,047",378.0 ,,,
,Percent change,,+5.6 ,+5.1 ,+7.6 ,+7.1 ,-11.0 ,-11.5 ,-1.3 ,-1.8 ,+10.2 ,+9.6 ,-5.1 ,-5.6 ,-9.0 ,-9.4 ,-6.8 ,-7.2 ,+11.6 ,+11.0 ,,,
     Texas,2019,"28,986,794"," 122,263 ",421.8 ,"1,432",4.9 ,"15,303",52.8 ,"29,126",100.5 ,"76,402",263.6 ," 697,305 ","2,405.6 ","114,494",395.0 ,"504,461","1,740.3 ","78,350",270.3 ,,,
,2020,"29,360,759"," 131,084 ",446.5 ,"1,931",6.6 ,"13,509",46.0 ,"26,834",91.4 ,"88,810",302.5 ," 659,160 ","2,245.0 ","108,851",370.7 ,"466,033","1,587.3 ","84,276",287.0 ,,,
,Percent change,,+7.2 ,+5.8 ,+34.8 ,+33.1 ,-11.7 ,-12.8 ,-7.9 ,-9.0 ,+16.2 ,+14.8 ,-5.5 ,-6.7 ,-4.9 ,-6.1 ,-7.6 ,-8.8 ,+7.6 ,+6.2 ,,,
West7,2019," 78,300,384 "," 324,766 ",414.8 ," 3,223 ",4.1 ," 36,943 ",47.2 ," 79,250 ",101.2 ," 205,350 ",262.3 ," 1,899,896 ","2,426.4 "," 308,517 ",394.0 ," 1,329,636 ","1,698.1 "," 261,743 ",334.3 ,,,
,2020," 78,654,756 "," 329,436 ",418.8 ," 4,085 ",5.2 ," 32,900 ",41.8 ," 70,597 ",89.8 ," 221,854 ",282.1 ," 1,798,441 ","2,286.5 "," 297,779 ",378.6 ," 1,197,396 ","1,522.3 "," 303,266 ",385.6 ,,,
,Percent change,,+1.4 ,+1.0 ,+26.7 ,+26.2 ,-10.9 ,-11.3 ,-10.9 ,-11.3 ,+8.0 ,+7.6 ,-5.3 ,-5.8 ,-3.5 ,-3.9 ,-9.9 ,-10.4 ,+15.9 ,+15.3 ,,,
Mountain,2019," 24,883,416 "," 104,857 ",421.4 ," 1,105 ",4.4 ," 15,032 ",60.4 ," 17,354 ",69.7 ," 71,366 ",286.8 ," 591,703 ","2,377.9 "," 96,771 ",388.9 ," 423,075 ","1,700.2 "," 71,857 ",288.8 ,,,
,2020," 25,213,395 "," 110,732 ",439.2 ," 1,366 ",5.4 ," 13,508 ",53.6 ," 16,927 ",67.1 ," 78,931 ",313.1 ," 582,926 ","2,312.0 "," 90,292 ",358.1 ," 408,988 ","1,622.1 "," 83,646 ",331.8 ,,,
,Percent change,,+5.6 ,+4.2 ,+23.6 ,+22.0 ,-10.1 ,-11.3 ,-2.5 ,-3.7 ,+10.6 ,+9.2 ,-1.5 ,-2.8 ,-6.7 ,-7.9 ,-3.3 ,-4.6 ,+16.4 ,+14.9 ,,,
     Arizona,2019,"7,291,843"," 32,603 ",447.1 ,397,5.4 ,"3,650",50.1 ,"6,305",86.5 ,"22,251",305.1 ," 177,628 ","2,436.0 ","29,170",400.0 ,"130,427","1,788.7 ","18,031",247.3 ,,,
,2020,"7,421,401"," 35,980 ",484.8 ,513,6.9 ,"3,263",44.0 ,"6,211",83.7 ,"25,993",350.2 ," 165,323 ","2,227.7 ","24,488",330.0 ,"122,898","1,656.0 ","17,937",241.7 ,,,
,Percent change,,+10.4 ,+8.4 ,+29.2 ,+27.0 ,-10.6 ,-12.2 ,-1.5 ,-3.2 ,+16.8 ,+14.8 ,-6.9 ,-8.6 ,-16.1 ,-17.5 ,-5.8 ,-7.4 ,-0.5 ,-2.3 ,,,
     Colorado,2019,"5,758,486"," 22,149 ",384.6 ,229,4.0 ,"4,087",71.0 ,"3,716",64.5 ,"14,117",245.2 ," 150,564 ","2,614.6 ","20,266",351.9 ,"108,575","1,885.5 ","21,723",377.2 ,,,
,2020,"5,807,719"," 24,570 ",423.1 ,294,5.1 ,"3,652",62.9 ,"3,964",68.3 ,"16,660",286.9 ," 164,582 ","2,833.8 ","23,246",400.3 ,"110,884","1,909.3 ","30,452",524.3 ,,,
,Percent change,,+10.9 ,+10.0 ,+28.4 ,+27.3 ,-10.6 ,-11.4 ,+6.7 ,+5.8 ,+18.0 ,+17.0 ,+9.3 ,+8.4 ,+14.7 ,+13.7 ,+2.1 ,+1.3 ,+40.2 ,+39.0 ,,,
     Idaho,2019,"1,789,060"," 4,162 ",232.6 ,28,1.6 ,918,51.3 ,161,9.0 ,"3,055",170.8 ," 22,244 ","1,243.3 ","4,045",226.1 ,"16,591",927.4 ,"1,608",89.9 ,,,
,2020,"1,826,913"," 4,432 ",242.6 ,41,2.2 ,832,45.5 ,174,9.5 ,"3,385",185.3 ," 20,313 ","1,111.9 ","3,731",204.2 ,"14,815",810.9 ,"1,767",96.7 ,,,
,Percent change,,+6.5 ,+4.3 ,+46.4 ,+43.4 ,-9.4 ,-11.2 ,+8.1 ,+5.8 ,+10.8 ,+8.5 ,-8.7 ,-10.6 ,-7.8 ,-9.7 ,-10.7 ,-12.6 ,+9.9 ,+7.6 ,,,
     Montana,2019,"1,070,123"," 4,472 ",417.9 ,32,3.0 ,679,63.5 ,209,19.5 ,"3,552",331.9 ," 23,929 ","2,236.1 ","2,968",277.4 ,"18,547","1,733.2 ","2,414",225.6 ,,,
,2020,"1,080,577"," 5,077 ",469.8 ,54,5.0 ,598,55.3 ,279,25.8 ,"4,146",383.7 ," 22,917 ","2,120.8 ","2,919",270.1 ,"17,322","1,603.0 ","2,676",247.6 ,,,
,Percent change,,+13.5 ,+12.4 ,+68.8 ,+67.1 ,-11.9 ,-12.8 ,+33.5 ,+32.2 ,+16.7 ,+15.6 ,-4.2 ,-5.2 ,-1.7 ,-2.6 ,-6.6 ,-7.5 ,+10.9 ,+9.8 ,,,
     Nevada,2019,"3,090,771"," 15,334 ",496.1 ,144,4.7 ,"2,155",69.7 ,"3,289",106.4 ,"9,746",315.3 ," 72,028 ","2,330.4 ","15,630",505.7 ,"45,127","1,460.1 ","11,271",364.7 ,,,
,2020,"3,138,259"," 14,445 ",460.3 ,180,5.7 ,"1,851",59.0 ,"2,785",88.7 ,"9,629",306.8 ," 60,462 ","1,926.6 ","11,574",368.8 ,"38,332","1,221.4 ","10,556",336.4 ,,,
,Percent change,,-5.8 ,-7.2 ,+25.0 ,+23.1 ,-14.1 ,-15.4 ,-15.3 ,-16.6 ,-1.2 ,-2.7 ,-16.1 ,-17.3 ,-26.0 ,-27.1 ,-15.1 ,-16.3 ,-6.3 ,-7.8 ,,,
     New Mexico,2019,"2,099,634"," 17,302 ",824.0 ,185,8.8 ,"1,355",64.5 ,"2,477",118.0 ,"13,285",632.7 ," 66,744 ","3,178.8 ","14,640",697.3 ,"42,749","2,036.0 ","9,355",445.6 ,,,
,2020,"2,106,319"," 16,393 ",778.3 ,164,7.8 ,"1,170",55.5 ,"2,086",99.0 ,"12,973",615.9 ," 59,859 ","2,841.9 ","13,665",648.8 ,"37,188","1,765.5 ","9,006",427.6 ,,,
,Percent change,,-5.3 ,-5.6 ,-11.4 ,-11.6 ,-13.7 ,-13.9 ,-15.8 ,-16.1 ,-2.3 ,-2.7 ,-10.3 ,-10.6 ,-6.7 ,-7.0 ,-13.0 ,-13.3 ,-3.7 ,-4.0 ,,,
     Utah,2019,"3,203,383"," 7,588 ",236.9 ,77,2.4 ,"1,865",58.2 ,"1,130",35.3 ,"4,516",141.0 ," 69,469 ","2,168.6 ","8,658",270.3 ,"54,078","1,688.2 ","6,733",210.2 ,,,
,2020,"3,249,879"," 8,471 ",260.7 ,102,3.1 ,"1,809",55.7 ,"1,362",41.9 ,"5,198",159.9 ," 80,091 ","2,464.4 ","9,444",290.6 ,"60,359","1,857.3 ","10,288",316.6 ,,,
,Percent change,,+11.6 ,+10.0 ,+32.5 ,+30.6 ,-3.0 ,-4.4 ,+20.5 ,+18.8 ,+15.1 ,+13.5 ,+15.3 ,+13.6 ,+9.1 ,+7.5 ,+11.6 ,+10.0 ,+52.8 ,+50.6 ,,,
     Wyoming,2019,"580,116"," 1,247 ",215.0 ,13,2.2 ,323,55.7 ,67,11.5 ,844,145.5 ," 9,097 ","1,568.1 ","1,394",240.3 ,"6,981","1,203.4 ",722,124.5 ,, ,
,2020,"582,328"," 1,364 ",234.2 ,18,3.1 ,333,57.2 ,66,11.3 ,947,162.6 ," 9,379 ","1,610.6 ","1,225",210.4 ,"7,190","1,234.7 ",964,165.5 ,,,
,Percent change,,+9.4 ,+9.0 ,+38.5 ,+37.9 ,+3.1 ,+2.7 ,-1.5 ,-1.9 ,+12.2 ,+11.8 ,+3.1 ,+2.7 ,-12.1 ,-12.5 ,+3.0 ,+2.6 ,+33.5 ,+33.0 ,,,
Pacific7,2019," 53,416,968 "," 219,909 ",411.7 ," 2,118 ",4.0 ," 21,911 ",41.0 ," 61,896 ",115.9 ," 133,984 ",250.8 ," 1,308,193 ","2,449.0 "," 211,746 ",396.4 ," 906,561 ","1,697.1 "," 189,886 ",355.5 ,,,
,2020," 53,441,361 "," 218,704 ",409.2 ," 2,719 ",5.1 ," 19,392 ",36.3 ," 53,670 ",100.4 ," 142,923 ",267.4 ," 1,215,515 ","2,274.5 "," 207,487 ",388.3 ," 788,408 ","1,475.3 "," 219,620 ",411.0 ,, ,
,Percent change,,-0.5 ,-0.6 ,+28.4 ,+28.3 ,-11.5 ,-11.5 ,-13.3 ,-13.3 ,+6.7 ,+6.6 ,-7.1 ,-7.1 ,-2.0 ,-2.1 ,-13.0 ,-13.1 ,+15.7 ,+15.6 ,,,
     Alaska,2019,"733,603"," 6,346 ",865.0 ,69,9.4 ,"1,102",150.2 ,826,112.6 ,"4,349",592.8 ," 21,293 ","2,902.5 ","3,558",485.0 ,"15,118","2,060.8 ","2,617",356.7 ,,,
,2020,"731,158"," 6,126 ",837.8 ,49,6.7 ,"1,132",154.8 ,712,97.4 ,"4,233",578.9 ," 16,528 ","2,260.5 ","2,775",379.5 ,"11,784","1,611.7 ","1,969",269.3 ,,,
,Percent change,   ,-3.5 ,-3.1 ,-29.0 ,-28.7 ,+2.7 ,+3.1 ,-13.8 ,-13.5 ,-2.7 ,-2.3 ,-22.4 ,-22.1 ,-22.0 ,-21.7 ,-22.1 ,-21.8 ,-24.8 ,-24.5 ,,,
     California,2019,"39,437,610"," 174,341 ",442.1 ,"1,690",4.3 ,"14,801",37.5 ,"52,306",132.6 ,"105,544",267.6 ," 921,177 ","2,335.8 ","152,551",386.8 ,"626,865","1,589.5 ","141,761",359.5 ,,,
,2020,"39,368,078"," 174,026 ",442.0 ,"2,203",5.6 ,"13,449",34.2 ,"44,728",113.6 ,"113,646",288.7 ," 842,054 ","2,138.9 ","145,529",369.7 ,"528,202","1,341.7 ","168,323",427.6 ,,,
,Percent change,,-0.2 ,*,+30.4 ,+30.6 ,-9.1 ,-9.0 ,-14.5 ,-14.3 ,+7.7 ,+7.9 ,-8.6 ,-8.4 ,-4.6 ,-4.4 ,-15.7 ,-15.6 ,+18.7 ,+18.9 ,,,
     Hawaii,2019,"1,415,615"," 3,745 ",264.5 ,37,2.6 ,625,44.2 ,"1,079",76.2 ,"2,004",141.6 ," 40,617 ","2,869.2 ","5,534",390.9 ,"29,878","2,110.6 ","5,205",367.7 ,,, 
,2020,"1,407,006"," 3,576 ",254.2 ,41,2.9 ,569,40.4 ,867,61.6 ,"2,099",149.2 ," 33,928 ","2,411.4 ","4,630",329.1 ,"23,954","1,702.5 ","5,344",379.8 ,,,
,Percent change,,-4.5 ,-3.9 ,+10.8 ,+11.5 ,-9.0 ,-8.4 ,-19.6 ,-19.2 ,+4.7 ,+5.4 ,-16.5 ,-16.0 ,-16.3 ,-15.8 ,-19.8 ,-19.3 ,+2.7 ,+3.3 ,,,
     Oregon7,2019,"4,216,116"," 12,382 ",293.7 ,117,2.8 ,"1,886",44.7 ,"2,329",55.2 ,"8,050",190.9 ," 117,567 ","2,788.5 ","15,127",358.8 ,"86,922","2,061.7 ","15,518",368.1 ,,,
,2020,"4,241,507"," 12,380 ",291.9 ,125,2.9 ,"1,565",36.9 ,"2,180",51.4 ,"8,510",200.6 ," 112,782 ","2,659.0 ","14,386",339.2 ,"81,811","1,928.8 ","16,585",391.0 ,,,
,Percent change,,*,-0.6 ,+6.8 ,+6.2 ,-17.0 ,-17.5 ,-6.4 ,-7.0 ,+5.7 ,+5.1 ,-4.1 ,-4.6 ,-4.9 ,-5.5 ,-5.9 ,-6.4 ,+6.9 ,+6.2 ,,,
     Washington,2019,"7,614,024"," 23,095 ",303.3 ,205,2.7 ,"3,497",45.9 ,"5,356",70.3 ,"14,037",184.4 ," 207,539 ","2,725.7 ","34,976",459.4 ,"147,778","1,940.9 ","24,785",325.5 ,,,
,2020,"7,693,612"," 22,596 ",293.7 ,301,3.9 ,"2,677",34.8 ,"5,183",67.4 ,"14,435",187.6 ," 210,223 ","2,732.4 ","40,167",522.1 ,"142,657","1,854.2 ","27,399",356.1 ,,,
,Percent change,,-2.2 ,-3.2 ,+46.8 ,+45.3 ,-23.4 ,-24.2 ,-3.2 ,-4.2 ,+2.8 ,+1.8 ,+1.3 ,+0.2 ,+14.8 ,+13.7 ,-3.5 ,-4.5 ,+10.5 ,+9.4 ,,,
Puerto Rico ,2019,"3,193,553"," 6,479 ",202.9 , 606 ,19.0 , 215 ,6.7 ," 2,121 ",66.4 ," 3,537 ",110.8 ," 22,441 ",702.7 ," 4,291 ",134.4 ," 14,483 ",453.5 ," 3,667 ",114.8 ,,,
,2020,"3,159,343"," 5,196 ",164.5 , 529 ,16.7 , 148 ,4.7 ," 1,177 ",37.3 ," 3,342 ",105.8 ," 13,241 ",419.1 ," 2,952 ",93.4 ," 8,311 ",263.1 ," 1,978 ",62.6 ,,,
,Percent change,   ,-19.8 ,-18.9 ,-12.7 ,-11.8 ,-31.2 ,-30.4 ,-44.5 ,-43.9 ,-5.5 ,-4.5 ,-41.0 ,-40.4 ,-31.2 ,-30.5 ,-42.6 ,-42.0 ,-46.1 ,-45.5 ,,,
1 The previous year's crime figures have been adjusted.,,,,,,,,,,,,,,,,,,,,,,,
"2  Population figures are U.S. Census Bureau provisional estimates as of July 1, 2020.",,,,,,,,,,,,,,,,,,,,,,,
"3 The violent crime figures include the offenses of murder, rape (revised definition), robbery, and aggravated assault.",,,,,,,,,,,,,,,,,,,,,,,
4 The figures shown in the rape (revised definition) column were estimated using the revised Uniform Crime Reporting (UCR) definition of rape. See the data declaration for further explanation.,,,,,,,,,,,,,,,,,,,,,,,
"5 Limited data for 2020 were available for Alabama, Maryland and Pennsylvania.",,,,,,,,,,,,,,,,,,,,,,,
"6 The FBI determined that the state did not follow national UCR Program guidelines for reporting an offense. Consequently, those figures are not included in this table. The agency of Rockford submits independently and therefore includes all offenses.",,,,,,,,,,,,,,,,,,,,,,,
7 This state's agencies submitted rape data according to the legacy UCR definition of rape.  ,,,,,,,,,,,,,,,,,,,,,,,
8 Includes offenses reported by the Metro Transit Police and the District of Columbia Fire and Emergency Medical Services: Arson Investigation Unit.,,,,,,,,,,,,,,,,,,,,,,,
"9 Because of changes in the state/local agency's reporting practices, figures are not comparable to previous years' data.",,,,,,,,,,,,,,,,,,,,,,,
* Less than one-tenth of 1 percent.,,,,,,,,,,,,,,,,,,,,,,,
"NOTE:  Although arson data are included in the trend and clearance tables, sufficient data are not available to estimate totals for this offense.  Therefore, no arson data are published in this table.",,,,,,,,,,,,,,,,,,,,,,,